{"variables": {"Drive:Ctrl:DS1": [6.393461647778749, 6.353502447307109, 8.398201305866241, 6.065150693859905, 8.387407604455948, 8.279550153017045, 7.846044517755509, 8.537974185943604, 6.2670400172472, 8.362432668209076, 7.507612827729471], "Drive:Ctrl:DS3": [1.4817115664482117, 0.44061850756406784, 1.5364108979701996, 0.5274162068963051, 1.2367818504571915, 1.973506510257721, 2.494286447763443, 0.6572870165109634, 2.0998208224773407, 0.8770725876092911, 0.0]}, "objectives": {"rms_x": [21.102160746993476, 21.102160746993476, 21.102160746993476, 21.102160746993476, 21.102160746993476, 21.102160746993476, 21.102160746993476, 21.102160746993476, 21.102160746993476, 21.102160746993476, 21.102160746993476]}, "constraints": {"rms_x": [21.102160746993476, 21.102160746993476, 21.102160746993476, 21.102160746993476, 21.102160746993476, 21.102160746993476, 21.102160746993476, 21.102160746993476, 21.102160746993476, 21.102160746993476, 21.102160746993476], "rms_y": [71.88842748596632, 71.88842748596632, 71.88842748596632, 71.88842748596632, 71.88842748596632, 71.88842748596632, 71.88842748596632, 71.88842748596632, 71.88842748596632, 71.88842748596632, 71.88842748596632], "centroid_offset": [0.6131786529789404, 0.6131786529789404, 0.6131786529789404, 0.6131786529789404, 0.6131786529789404, 0.6131786529789404, 0.6131786529789404, 0.6131786529789404, 0.6131786529789404, 0.6131786529789404, 0.6131786529789404]}, "constraint_status": {"rms_x": [1.0, 1.0, 1.0, 1.0, 1.0, 1.0, 1.0, 1.0, 1.0, 1.0, 1.0], "rms_y": [1.0, 1.0, 1.0, 1.0, 1.0, 1.0, 1.0, 1.0, 1.0, 1.0, 1.0], "centroid_offset": [1.0, 1.0, 1.0, 1.0, 1.0, 1.0, 1.0, 1.0, 1.0, 1.0, 1.0]}, "feasibility": [1.0, 1.0, 1.0, 1.0, 1.0, 1.0, 1.0, 1.0, 1.0, 1.0, 1.0]}